run,pandas_seconds,polars_seconds
1,0.05186604699997588,0.017130927999915002
2,0.04683018700006869,0.10493248300008418
3,0.1065969240000868,0.022690174999979718
4,0.08188569899994036,0.03280418800000007
5,0.08499051899980259,0.03530386400007046
6,0.07910977500000627,0.030889141999978165
7,0.05450895500007391,0.018000558000039746
8,0.049765548999857856,0.017170406999866827
9,0.047732233000033375,0.017307150000078764
10,0.04729084499990677,0.017210873000067295
11,0.04573001500011742,0.01679096199995911
12,0.05097863499986488,0.02938374800010024
13,0.0829927019999559,0.03274453600010929
14,0.09627247200000966,0.03509121000001869
15,0.09080885699995633,0.09498944200004189
16,0.08036147400002847,0.01759809000009227
17,0.04541764600003262,0.020649943000080384
18,0.04635292100010702,0.016812485999935234
19,0.0492788289998316,0.01699370699998326
20,0.04560598000011851,0.016759587000024112
